Set_ID	Fault_ID	RC_Fault_ID	Classification	Fault_Reported_Date	WO_Num	WO_Car	Num_Faults
A49	55509	242542	Digital Voice Announcements	15/01/2015	1088552	D6449	1
A48	55508	242541	Batteries	15/01/2015	1088551	D6348	1
A8	55507	242540	Windows	15/01/2015	1088550	D6408	1
A36	55506	242539	Fog Lamp	15/01/2015	1088549	D6436	1
A66	55505	242518	Crew Bodyside Door	15/01/2015	1088548	D6366	1
A41	55503	242513	External	15/01/2015	1088544	T6641	1
A41	55502	242512	External	15/01/2015	1088538	T6541	1
A27	55501	242628	Body	15/01/2015	1088537	N5427	1
A56	55500	242511	Intermediate End Door	15/01/2015	1088536	N5656	1
A61	55499	242617	External CCTV Camera	15/01/2015	1088522	D6361	1
A33	55496	242614	Passenger Bodyside Door	15/01/2015	1088520	N5333	1
A78	55495	242613	Indicators- Control & Monitoring Systems	15/01/2015	1088519	D6378	1
A51	55494	242612	Air Conditioner Crew	15/01/2015	1088518	D6351	1
A51	55493	242611	Air Conditioner Crew	15/01/2015	1088516	D6451	1
A51	55492	242610	Internal CCTV Camera	15/01/2015	1088515	N5651	1
A33	55491	242604	Passenger Bodyside Door	15/01/2015	1088514	D6333	1
A36	55489	242601	Drivers Interface	15/01/2015	1088525	D6436	1
A26	55488	242600	Wiper Blade	15/01/2015	1088502	D6426	1
A26	55487	242599	Wiper Blade	15/01/2015	1088448	D6326	1
A16	55486	242597	Intermediate End Door	15/01/2015	1088524	D6416	1
A78	55483	242589	Metronet Train Radio	15/01/2015	1088452	D6478	1
A16	55481	242586	Data Logger	15/01/2015	1088446	D6316	1
A75	55475	242572	Digital Voice Announcements	15/01/2015	1088427	D6375	1
A44	55472	242567	Body	15/01/2015	1088310	N5344	1
A68	55470	242561	Communications	15/01/2015	1088408	D6368	1
A70	55469	242557	Traction Systems	15/01/2015	1088365	N5470	1
A1	55464	242566	Door Systems	15/01/2015	1088308	D6401	1
A75	55462	242565	Destination Indicator	15/01/2015	1088299	N5575	1
A6	55459	242581	Climate Control	15/01/2015	1088296	N5306	1
A6	55459	242581	Climate Control	15/01/2015	1088296	N5306	1
A66	55457	242563	External Fittings	15/01/2015	1088294	D6366	1
A44	55455	242587	Signage & Paintwork	15/01/2015	1088182	N5444	1
A44	55453	242588	Signage & Paintwork	15/01/2015	1088180	D6444	1
A44	55452	242591	Signage & Paintwork	15/01/2015	1088179	T6544	1
A44	55451	242592	Signage & Paintwork	15/01/2015	1088178	T6544	1
A44	55450	242579	Signage & Paintwork	15/01/2015	1088177	N5544	1
A44	55448	242593	Signage & Paintwork	15/01/2015	1088175	D6344	1
A44	55447	242594	Signage & Paintwork	15/01/2015	1088174	D6344	1
A61	55446	242510	Climate Control	14/01/2015	1088173	N5661	1
A61	55446	242510	Climate Control	14/01/2015	1088173	N5661	1
A61	55446	242510	Climate Control	14/01/2015	1088173	N5661	1
A80	55442	242496	Indicators	14/01/2015	1088148	D6380	1
A18	55436	242488	Train Management System / eTIS / TOS	14/01/2015	1088097	D6318	1
A11	55435	242487	Passenger Emergency	14/01/2015	1088096	N5311	1
A13	55434	242486	Climate Control	14/01/2015	1088095	D6313	1
A75	55432	242484	Drivers Interface	14/01/2015	1088094	D6375	1
A30	55431	242482	Destination Indicator	14/01/2015	1088093	N5430	1
A33	55429	242475	Auxiliary Equipment	14/01/2015	1088087	D6333	1
A63	55427	242469	Air Conditioner Passengers	14/01/2015	1087961	D6463	1
A63	55427	242469	Air Conditioner Passengers	14/01/2015	1087961	D6463	1
A63	55427	242469	Air Conditioner Passengers	14/01/2015	1087961	D6463	1
A21	55422	242459	Communications	14/01/2015	1088079	D6321	1
A57	55421	242449	Static Inverter / Electrical Auxiliary Power Supply (EAPS)	14/01/2015	1088078	T6657	1
A58	55418	242431	Passenger Emergency	14/01/2015	1088038	N5458	1
A8	55417	242430	Drivers Interface	14/01/2015	1088042	D6308	1
A35	55416	242429	Bogie	14/01/2015	1088043	D6435	1
A30	55415	242427	Intercar Gangway	14/01/2015	1088047	D6330	1
A31	55411	242423	Windscreen	14/01/2015	1088031	D6431	1
A31	55411	242423	Windscreen	14/01/2015	1088031	D6431	1
A1	55406	242412	Marker & Ancillary Lights	14/01/2015	1088067	D6301	1
A43	55405	242409	Terminal End Door	14/01/2015	1088029	D6343	1
A63	55404	242398	Electropneumatic & Electronic Control	14/01/2015	1088028	D6363	1
A6	55402	242395	Internal CCTV Camera	14/01/2015	1087870	N5506	1
A80	55400	242393	Air Conditioner Passengers	14/01/2015	1087855	N5480	1
A8	55398	242390	Climate Control	14/01/2015	1087859	D6308	1
A36	55393	242372	Wheel	14/01/2015	1087833	T6636	1
A33	55385	242363	Semi Permanent Coupler	14/01/2015	1087843	N5533	1
A56	55383	242352	Detrainment / Emergency Ramp - Terminal End	14/01/2015	1087823	D6356	1
A11	55382	242351	Brake Control Unit (BCU)	14/01/2015	1087816	N5411	1
A11	55382	242351	Brake Control Unit (BCU)	14/01/2015	1087816	N5411	1
A58	55381	242340	Seat - Driver	14/01/2015	1087819	D6458	1
A46	55379	242331	Wheel & Axle	14/01/2015	1087817	D6346	1
A57	55372	242313	Primary Suspension	14/01/2015	1087812	D6457	1
A62	55371	242307	CCTV System	14/01/2015	1087811	N5562	1
A28	55367	242302	Shell / Structure	14/01/2015	1087791	D6428	1
A48	55366	242292	Anti-Vandal Film	14/01/2015	1087751	D6348	1
A30	55365	242290	Shell / Structure	14/01/2015	1087728	D6330	1
A37	55348	242242	Pantograph Air Compressor	13/01/2015	1087514	D6437	1
A22	55345	242236	Air Conditioner Passengers	13/01/2015	1087525	D6322	1
A37	55344	242231	Decals & Numbering	13/01/2015	1087461	D6337	1
A63	55336	242210	Signage & Paintwork	13/01/2015	1087445	N5463	1
A37	55329	242179	Air Conditioner Crew	13/01/2015	1087353	D6437	1
A24	55328	242177	Paintwork	13/01/2015	1087357	N5624	1
A22	55327	242182	Climate Control	13/01/2015	1087358	D6422	1
A22	55327	242182	Climate Control	13/01/2015	1087358	D6422	1
A22	55327	242182	Climate Control	13/01/2015	1087358	D6422	1
A22	55327	242182	Climate Control	13/01/2015	1087358	D6422	1
A22	55327	242182	Climate Control	13/01/2015	1087358	D6422	1
A22	55327	242182	Climate Control	13/01/2015	1087358	D6422	1
A37	55326	242174	Air Conditioner Crew	13/01/2015	1087355	D6437	1
A37	55325	242172	Air Conditioner Crew	13/01/2015	1087353	D6437	1
A37	55324	242162	Train Management System / eTIS / TOS	13/01/2015	1087351	D6437	1
A1	55323	242147	Light - Step	13/01/2015	1087360	D6401	1
A37	55319	242123	Air Conditioner Crew	13/01/2015	1087334	D6337	1
A37	55318	242122	Air Conditioner Crew	13/01/2015	1087334	D6337	1
A14	55313	242100	Shell / Structure	13/01/2015	1087352	D6314	1
A14	55313	242100	Shell / Structure	13/01/2015	1087352	D6314	1
A5	55312	242094	Internal	13/01/2015	1087342	N5505	1
A5	55311	242093	Internal	13/01/2015	1087341	D6405	1
A3	55303	242060	External	13/01/2015	1087310	N5503	1
A3	55302	242059	External	13/01/2015	1087309	T6503	1
A6	55300	242053	Climate Control	13/01/2015	1087236	N5306	1
A76	55297	242049	Anti-Vandal Film	13/01/2015	1087092	N5376	1
A73	55273	242002	Wheel & Axle	12/01/2015	1087002	D6373	1
A72	55262	241967	Drivers Interface	12/01/2015	1086989	D6472	1
A3	55261	241961	Fog Lamp	12/01/2015	1086988	D6403	1
A54	55253	241926	Wheel	12/01/2015	1086944	N5354	1
A61	55249	241920	Wheel & Axle	12/01/2015	1086954	D6361	1
A5	55244	241901	Air Conditioner Passengers	12/01/2015	1086880	N5305	1
A64	55243	241898	Automatic Coupler (incl. Scharfenberg / Dellner / Sharon)	12/01/2015	1086937	N5564	1
A37	55237	241885	Seats	12/01/2015	1086832	D6337	1
A70	55232	241873	Shell / Structure	12/01/2015	1086813	D6470	1
A70	55232	241873	Shell / Structure	12/01/2015	1086813	D6470	1
A70	55232	241873	Shell / Structure	12/01/2015	1086813	D6470	1
A37	55208	241824	Body	12/01/2015	1086641	D6337	1
A3	55193	241799	Signage & Paintwork	11/01/2015	1086571	N5603	1
A76	55171	241772	Underframe	11/01/2015	1086473	T6576	1
A5	55168	241768	Passenger Bodyside Door	11/01/2015	1086476	T6505	1
A9	55167	241767	Drivers Interface	11/01/2015	1086475	D6409	1
A9	55167	241767	Drivers Interface	11/01/2015	1086475	D6409	1
A9	55167	241767	Drivers Interface	11/01/2015	1086475	D6409	1
A9	55167	241767	Drivers Interface	11/01/2015	1086475	D6409	1
A43	55157	241740	Lathe Activity Work Order	11/01/2015	1086392	N5343	1
A19	55156	241739	Pantograph	11/01/2015	1086388	D6319	1
A40	55145	241725	CD Player & Commercial Radio	10/01/2015	1086228	D6340	1
A24	55111	241646	Wheel & Axle	10/01/2015	1086126	D6424	1
A37	55106	241640	Duct Work	10/01/2015	1086075	D6337	1
A56	55076	241524	Bogie	9/01/2015	1068529	D6356	1
A43	55075	241522	Decals & Numbering	9/01/2015	1075592	N5343	1
A39	55065	241499	Intercar Connectors	9/01/2015	1085681	N5439	1
A39	55065	241499	Intercar Connectors	9/01/2015	1085681	N5439	1
A18	55061	241478	Air Conditioner Passengers	9/01/2015	1085640	N5618	1
A3	55047	241438	Body	9/01/2015	1085602	N5503	1
A45	55028	241342	Semi Permanent Coupler	8/01/2015	1085280	N5545	1
A42	55008	241300	Wheel	8/01/2015	1085160	N5342	1
A1	54988	241270	External CCTV Camera	8/01/2015	1084896	D6301	1
A1	54988	241270	External CCTV Camera	8/01/2015	1084896	D6301	1
A1	54988	241270	External CCTV Camera	8/01/2015	1084896	D6301	1
A25	54983	241256	Bogie	8/01/2015	1084844	D6325	1
A50	54949	241165	Lathe Activity Work Order	7/01/2015	1084373	N5550	1
A15	54928	241103	Internal	7/01/2015	1084336	N5315	1
A40	54912	241066	Bogie	7/01/2015	1084280	D6340	1
A51	54904	241053	Internal	7/01/2015	1084287	D6351	1
A41	54886	240997	Trip	7/01/2015	1084155	D6441	1
A14	54875	240973	Anti-Vandal Film	6/01/2015	1083956	D6314	1
A21	54866	240962	Anti-Vandal Film	6/01/2015	1084135	D6321	1
A63	54865	240958	CCTV System	6/01/2015	1084134	D6463	1
A63	54864	240957	CCTV System	6/01/2015	1084133	D6363	1
A54	54839	240810	Lathe Activity Work Order	6/01/2015	1083713	N5354	1
A54	54839	240810	Lathe Activity Work Order	6/01/2015	1083713	N5354	1
A8	54835	240795	Body	6/01/2015	1083678	D6308	1
A6	54831	240791	Windows	6/01/2015	1083675	D6406	1
A27	54824	240770	External CCTV Camera	6/01/2015	1083656	D6327	1
A27	54824	240770	External CCTV Camera	6/01/2015	1083656	D6327	1
A27	54824	240770	External CCTV Camera	6/01/2015	1083656	D6327	1
A27	54824	240770	External CCTV Camera	6/01/2015	1083656	D6327	1
A73	54823	240762	Windows	6/01/2015	1083655	D6473	1
A21	54785	240619	Internal	5/01/2015	1083265	D6321	1
A1	54760	240573	Body	5/01/2015	1083223	D6301	1
A7	54749	240538	Intercar Gangway	5/01/2015	1083174	N5607	1
A7	54749	240538	Intercar Gangway	5/01/2015	1083174	N5607	1
A62	54735	240510	Air Dryer Filter System	5/01/2015	1083021	T6662	1
A62	54735	240510	Air Dryer Filter System	5/01/2015	1083021	T6662	1
A27	54731	240499	Internal Fittings	5/01/2015	1083019	D6327	1
A43	54726	240488	Train Management System / eTIS / TOS	5/01/2015	1082983	N5343	1
A43	54726	240488	Train Management System / eTIS / TOS	5/01/2015	1082983	N5343	1
A67	54695	240440	Lathe Activity Work Order	4/01/2015	1082760	N5467	1
A62	54688	240408	External Fittings	4/01/2015	1082707	D6462	1
A61	54654	240300	Pantograph	3/01/2015	1082407	T6561	1
A61	54653	240299	Primary Suspension	3/01/2015	1082406	D6361	1
A63	54621	240178	Anti-Vandal Film	3/01/2015	1082160	T6563	1
A34	54574	240050	Indicators- Control & Monitoring Systems	2/01/2015	1081699	D6434	1
A64	54568	240027	Body	2/01/2015	1081685	T6664	1
A67	54531	239952	Anti-Vandal Film	1/01/2015	1081383	N5567	1
A53	54527	239947	Lathe Activity Work Order	1/01/2015	1081359	T6653	1
A53	54527	239947	Lathe Activity Work Order	1/01/2015	1081359	T6653	1
A53	54527	239947	Lathe Activity Work Order	1/01/2015	1081359	T6653	1
A45	54451	239859	Shell / Structure	31/12/2014	1081015	N5545	1
A4	54448	239856	Secondary Suspension	31/12/2014	1081014	D6304	1
A34	54445	239851	Internal Fittings	31/12/2014	1081008	D6434	1
A27	54348	239654	Intermediate End Door	30/12/2014	1080529	T6527	1
A33	54344	239650	Intermediate End Door	30/12/2014	1080521	N5433	1
A61	54303	239570	Cocks & Valves	30/12/2014	1080103	D6361	1
A61	54303	239570	Cocks & Valves	30/12/2014	1080103	D6361	1
A25	54301	239562	Semi Permanent Coupler	30/12/2014	1080101	T6625	1
A3	54294	239558	Drive Train	29/12/2014	1080089	N5403	1
A3	54293	239557	Frame Assembly (Motor Car & Trailer Car)	29/12/2014	1080088	T6503	1
A71	54292	239556	Drive Train	29/12/2014	1080087	N5371	1
A16	54255	239500	Automatic Coupler (incl. Scharfenberg / Dellner / Sharon)	29/12/2014	1080051	D6316	1
A73	54236	239456	Intermediate End Door	29/12/2014	1080019	D6373	1
A40	54229	239447	Drivers Interface	29/12/2014	1080015	D6340	1
A16	54190	239352	Intercar Gangway	28/12/2014	1079755	D6416	1
A70	54130	239241	Internal	27/12/2014	1079522	D6370	1
A73	54112	239200	Windows	27/12/2014	1079488	D6373	1
A27	54110	239196	Signage & Paintwork	27/12/2014	1079486	T6527	1
A42	54093	239176	Wheel & Axle	26/12/2014	1079313	D6442	1
A42	54093	239176	Wheel & Axle	26/12/2014	1079313	D6442	1
A42	54093	239176	Wheel & Axle	26/12/2014	1079313	D6442	1
A42	54093	239176	Wheel & Axle	26/12/2014	1079313	D6442	1
A42	54093	239176	Wheel & Axle	26/12/2014	1079313	D6442	1
A30	54072	239154	Lathe Activity Work Order	26/12/2014	1079288	N5630	1
A30	54072	239154	Lathe Activity Work Order	26/12/2014	1079288	N5630	1
A30	54072	239154	Lathe Activity Work Order	26/12/2014	1079288	N5630	1
A11	54029	239099	Saloon Transverse Door	25/12/2014	1079033	T6511	1
A62	54010	239055	Intercar Gangway	25/12/2014	1078921	N5562	1
A38	53938	238893	Intermediate End Door	24/12/2014	1078302	T6538	1
A77	53927	238853	Passenger Saloon Window	24/12/2014	1078231	D6377	1
A68	53877	238744	Lathe Activity Work Order	23/12/2014	1077932	N5368	1
A55	53875	238737	Bogie	23/12/2014	1077923	D6455	1
A55	53875	238737	Bogie	23/12/2014	1077923	D6455	1
A55	53875	238737	Bogie	23/12/2014	1077923	D6455	1
A69	53871	238731	Door Systems	23/12/2014	1077881	D6469	1
A38	53858	238696	Internal	23/12/2014	1077795	N5438	1
A45	53855	238688	Windows	23/12/2014	1077767	D6345	1
A1	53840	238632	Anti-Vandal Film	23/12/2014	1077745	T6601	1
A1	53838	238619	Anti-Vandal Film	23/12/2014	1077733	N5301	1
A29	53789	238496	Underframe	22/12/2014	1077442	D6329	1
A29	53787	238494	Traction Systems	22/12/2014	1077437	D6329	1
A29	53786	238492	Lighting	22/12/2014	1077435	D6429	1
A29	53785	238491	Internal CCTV Camera	22/12/2014	1077432	D6329	1
A29	53784	238488	Cables & Wiring	22/12/2014	1077430	D6329	1
A74	53767	238442	Wheel & Axle	22/12/2014	1077427	D6374	1
A74	53767	238442	Wheel & Axle	22/12/2014	1077427	D6374	1
A74	53767	238442	Wheel & Axle	22/12/2014	1077427	D6374	1
A25	53761	238432	Primary Suspension	22/12/2014	1077423	D6425	1
A25	53761	238432	Primary Suspension	22/12/2014	1077423	D6425	1
A25	53761	238432	Primary Suspension	22/12/2014	1077423	D6425	1
A25	53761	238432	Primary Suspension	22/12/2014	1077423	D6425	1
A70	53753	238414	Intermediate End Door	22/12/2014	1077393	D6370	1
A36	53723	238318	Body	22/12/2014	1077045	D6436	1
A77	53704	238294	Internal Fittings	21/12/2014	1077017	D6477	1
A75	53667	238234	Windows	21/12/2014	1076967	D6375	1
A70	53654	238214	Paintwork	21/12/2014	1076923	N5370	1
A45	53624	238181	Lathe Activity Work Order	20/12/2014	1076724	N5645	1
A5	53599	238136	Semi Permanent Coupler	20/12/2014	1076567	T6605	1
A59	53528	237939	Underframe	18/12/2014	1075841	N5359	1
A72	53391	237534	Anti-Vandal Film	16/12/2014	1074840	D6372	1
A35	53370	237429	Body	16/12/2014	1074719	D6435	1
A35	53370	237429	Body	16/12/2014	1074719	D6435	1
A71	53369	237425	Trip	16/12/2014	1074710	D6471	1
A11	53366	237421	Trip	16/12/2014	1074707	D6411	1
A1	53364	237419	Trip	16/12/2014	1074705	D6401	1
A17	53339	237317	Terminal End Door	16/12/2014	1074535	D6417	1
A37	53313	237230	Lathe Activity Work Order	15/12/2014	1074292	N5537	1
A8	53298	237194	Internal	15/12/2014	1074293	D6308	1
A20	53280	237158	Internal	15/12/2014	1074230	N5420	1
A48	53254	237075	Train Management System / eTIS / TOS	15/12/2014	1073902	D6348	1
A51	53249	237059	Trip	14/12/2014	1073843	D6351	1
A17	53241	237033	Anti-Vandal Film	14/12/2014	1072556	D6417	1
A69	53101	236709	Train Management System / eTIS / TOS	12/12/2014	1073109	D6469	1
A69	53101	236709	Train Management System / eTIS / TOS	12/12/2014	1073109	D6469	1
A69	53101	236709	Train Management System / eTIS / TOS	12/12/2014	1073109	D6469	1
A16	52909	236081	External	10/12/2014	1072081	N5416	1
A8	52896	236022	Body	10/12/2014	1072030	D6308	1
A65	52868	235953	Body	9/12/2014	1071765	N5465	1
A65	52868	235953	Body	9/12/2014	1071765	N5465	1
A1	52858	235899	Signage & Paintwork	9/12/2014	1071718	D6301	1
A71	52851	235888	Trip	9/12/2014	1071125	D6371	1
A56	52848	235885	Climate Control	9/12/2014	1071693	N5656	1
A63	52841	235864	Anti-Vandal Film	9/12/2014	1071690	N5363	1
A51	52822	235815	Door Window	9/12/2014	1071632	N5651	1
A45	52794	235750	Body	9/12/2014	1071502	D6345	1
A64	52771	235685	Trip	8/12/2014	1071139	D6464	1
A63	52770	235684	Trip	8/12/2014	1071138	D6463	1
A63	52770	235684	Trip	8/12/2014	1071138	D6463	1
A51	52766	235681	Trip	8/12/2014	1071135	D6451	1
A31	52764	235679	Trip	8/12/2014	1071133	D6431	1
A6	52762	235676	Trip	8/12/2014	1071131	D6406	1
A73	52759	235673	Trip	8/12/2014	1071127	D6373	1
A63	52757	235671	Trip	8/12/2014	1071124	D6363	1
A63	52757	235671	Trip	8/12/2014	1071124	D6363	1
A49	52752	235664	Trip	8/12/2014	1071116	D6349	1
A47	52750	235661	Trip	8/12/2014	1071108	D6347	1
A47	52750	235661	Trip	8/12/2014	1071108	D6347	1
A47	52750	235661	Trip	8/12/2014	1071108	D6347	1
A45	52749	235660	Trip	8/12/2014	1071107	D6345	1
A25	52744	235655	Trip	8/12/2014	1071102	D6325	1
A15	52742	235651	Trip	8/12/2014	1071091	D6315	1
A15	52742	235651	Trip	8/12/2014	1071091	D6315	1
A11	52739	235649	Trip	8/12/2014	1071089	D6311	1
A1	52734	235644	Trip	8/12/2014	1071085	D6301	1
A1	52734	235644	Trip	8/12/2014	1071085	D6301	1
A69	52733	235643	Anti-Vandal Film	8/12/2014	1071083	N5369	1
A69	52719	235607	Intercar Gangway	8/12/2014	1071062	N5569	1
A64	52672	235457	Wheel & Axle	8/12/2014	1070958	D6364	1
A64	52672	235457	Wheel & Axle	8/12/2014	1070958	D6364	1
A64	52672	235457	Wheel & Axle	8/12/2014	1070958	D6364	1
A64	52672	235457	Wheel & Axle	8/12/2014	1070958	D6364	1
A71	52650	235396	Windows	8/12/2014	1070925	D6371	1
A44	52622	235352	Train Management System / eTIS / TOS	7/12/2014	1070737	T6544	1
A12	52442	234912	Body	5/12/2014	1069737	D6312	1
A9	52392	234738	Door Systems	4/12/2014	1069449	T6509	1
A9	52392	234738	Door Systems	4/12/2014	1069449	T6509	1
A9	52392	234738	Door Systems	4/12/2014	1069449	T6509	1
A9	52392	234738	Door Systems	4/12/2014	1069449	T6509	1
A9	52392	234738	Door Systems	4/12/2014	1069449	T6509	1
A9	52392	234738	Door Systems	4/12/2014	1069449	T6509	1
A9	52392	234738	Door Systems	4/12/2014	1069449	T6509	1
A9	52392	234738	Door Systems	4/12/2014	1069449	T6509	1
A56	52386	234711	Secondary Suspension	4/12/2014	1069374	N5356	1
A3	52330	234543	Traction Motor (AC or DC)	3/12/2014	1069062	N5403	1
A3	52330	234543	Traction Motor (AC or DC)	3/12/2014	1069062	N5403	1
A3	52330	234543	Traction Motor (AC or DC)	3/12/2014	1069062	N5403	1
A56	52315	234508	Roof	3/12/2014	1069046	D6356	1
A4	52288	234431	Internal	3/12/2014	1068960	D6304	1
A74	52260	234347	Body	3/12/2014	1068920	D6374	1
A74	52260	234347	Body	3/12/2014	1068920	D6374	1
A54	52213	234196	Primary Suspension	2/12/2014	1068546	D6454	1
A54	52213	234196	Primary Suspension	2/12/2014	1068546	D6454	1
A54	52213	234196	Primary Suspension	2/12/2014	1068546	D6454	1
A56	52206	234178	Light - Step	2/12/2014	1068528	D6356	1
A29	52205	234175	Earth Return	2/12/2014	1068527	N5629	1
A16	52176	234047	Primary Suspension	2/12/2014	1068412	N5316	1
A6	52166	234025	Body	2/12/2014	1068390	D6306	1
A76	52105	233856	Wheel & Axle	1/12/2014	1067982	D6476	1
A76	52105	233856	Wheel & Axle	1/12/2014	1067982	D6476	1
A33	52100	233850	Intermediate End Door	1/12/2014	1068016	D6333	1
A19	51983	233669	Internal Fittings	30/11/2014	1067512	D6319	1
A40	51927	233592	Wheel & Axle	29/11/2014	1067282	D6340	1
A40	51927	233592	Wheel & Axle	29/11/2014	1067282	D6340	1
A40	51927	233592	Wheel & Axle	29/11/2014	1067282	D6340	1
A74	51914	233571	Windows	29/11/2014	1067169	D6374	1
A74	51914	233571	Windows	29/11/2014	1067169	D6374	1
A24	51868	233365	Battery - Control	28/11/2014	1061345	D6324	1
A24	51868	233365	Battery - Control	28/11/2014	1061345	D6324	1
A61	51867	233364	Trip	28/11/2014	1065590	D6461	1
A36	51865	233362	Primary Suspension	28/11/2014	1065782	D6336	1
A57	51847	233309	Windows	28/11/2014	1066661	D6357	1
A66	51810	233163	Wheel & Axle	27/11/2014	1066366	D6466	1
A66	51810	233163	Wheel & Axle	27/11/2014	1066366	D6466	1
A36	51678	232780	Primary Suspension	26/11/2014	1065781	D6336	1
A12	51673	232774	Windows	26/11/2014	1065764	D6312	1
A36	51656	232746	Automatic Coupler (incl. Scharfenberg / Dellner / Sharon)	25/11/2014	1065587	D6436	1
A51	51648	232708	Semi Permanent Coupler	25/11/2014	1065538	N5351	1
A51	51648	232708	Semi Permanent Coupler	25/11/2014	1065538	N5351	1
A51	51648	232708	Semi Permanent Coupler	25/11/2014	1065538	N5351	1
A51	51648	232708	Semi Permanent Coupler	25/11/2014	1065538	N5351	1
A36	51602	232558	Decals & Numbering	25/11/2014	1065267	D6336	1
A33	51525	232316	Wheel & Axle	24/11/2014	1064649	D6433	1
A33	51525	232316	Wheel & Axle	24/11/2014	1064649	D6433	1
A33	51525	232316	Wheel & Axle	24/11/2014	1064649	D6433	1
A58	51504	232263	Primary Suspension	24/11/2014	1064583	D6358	1
A46	51496	232245	Windows	24/11/2014	1064572	D6346	1
A65	51478	232225	Anti-Vandal Film	24/11/2014	1064440	D6365	1
A5	51433	232131	Semi Permanent Coupler	23/11/2014	1064347	T6605	1
A32	51427	232122	Primary Spring	23/11/2014	1064239	T6532	1
A41	51384	232032	Lathe Activity Work Order	22/11/2014	1064004	N5541	1
A41	51384	232032	Lathe Activity Work Order	22/11/2014	1064004	N5541	1
A41	51384	232032	Lathe Activity Work Order	22/11/2014	1064004	N5541	1
A25	51367	232002	Windows	21/11/2014	1063879	N5525	1
A24	51287	231789	Lathe Activity Work Order	21/11/2014	1063466	N5424	1
A24	51287	231789	Lathe Activity Work Order	21/11/2014	1063466	N5424	1
A24	51287	231789	Lathe Activity Work Order	21/11/2014	1063466	N5424	1
A24	51287	231789	Lathe Activity Work Order	21/11/2014	1063466	N5424	1
A45	51262	231747	Indicators- Control & Monitoring Systems	20/11/2014	1063019	D6345	1
A45	51262	231747	Indicators- Control & Monitoring Systems	20/11/2014	1063019	D6345	1
A45	51262	231747	Indicators- Control & Monitoring Systems	20/11/2014	1063019	D6345	1
A45	51262	231747	Indicators- Control & Monitoring Systems	20/11/2014	1063019	D6345	1
A69	51209	231610	Semi Permanent Coupler	20/11/2014	1062732	N5369	1
A69	51209	231610	Semi Permanent Coupler	20/11/2014	1062732	N5369	1
A69	51209	231610	Semi Permanent Coupler	20/11/2014	1062732	N5369	1
A64	51161	231504	Body	19/11/2014	1062125	T6664	1
A64	51161	231504	Body	19/11/2014	1062125	T6664	1
A50	51134	231422	Bogie	19/11/2014	1061744	D6450	1
A21	51107	231340	Decals & Numbering	18/11/2014	1061226	N5421	1
A60	51102	231332	Roof	18/11/2014	1061208	T6660	1
A15	51095	231324	Body	18/11/2014	1061164	D6415	1
A15	51094	231323	Body	18/11/2014	1061163	D6315	1
A50	51055	231230	Windows	18/11/2014	1060812	D6350	1
A29	51047	231212	Air Conditioner Passengers	18/11/2014	1060694	D6329	1
A33	51042	231207	Signage & Paintwork	17/11/2014	1060678	D6433	1
A31	50948	231021	Intermediate End Door	17/11/2014	1059685	D6331	1
A8	50937	230999	Semi Permanent Coupler	17/11/2014	1059647	N5308	1
A12	50829	230828	Windows	15/11/2014	1059081	D6412	1
A37	50728	230596	Motor & Gear Box Mount	13/11/2014	1058205	N5337	1
A40	50670	230518	Intercar Gangway	13/11/2014	1058005	N5640	1
A40	50670	230518	Intercar Gangway	13/11/2014	1058005	N5640	1
A36	50662	230491	Semi Permanent Coupler	13/11/2014	1057887	N5436	1
A36	50662	230491	Semi Permanent Coupler	13/11/2014	1057887	N5436	1
A36	50662	230491	Semi Permanent Coupler	13/11/2014	1057887	N5436	1
A36	50662	230491	Semi Permanent Coupler	13/11/2014	1057887	N5436	1
A36	50662	230491	Semi Permanent Coupler	13/11/2014	1057887	N5436	1
A20	50646	230453	Intercar Gangway	13/11/2014	1057851	D6320	1
A55	50602	230371	Semi Permanent Coupler	12/11/2014	1057159	D6355	1
A8	50514	230111	Internal	11/11/2014	1056455	N5308	1
A8	50514	230111	Internal	11/11/2014	1056455	N5308	1
A53	50509	230089	Passenger Saloon Window	11/11/2014	1056125	N5553	1
A77	50508	230082	External	11/11/2014	1056124	N5677	1
A77	50507	230081	External	11/11/2014	1056123	T6577	1
A73	50384	229789	Windows	9/11/2014	1055128	N5673	1
A17	50361	229747	Anti-Vandal Film	9/11/2014	1055100	N5617	1
A29	50284	229656	Piping Assembly	8/11/2014	1054753	D6329	1
A59	50273	229641	Windows	8/11/2014	1054561	D6459	1
A55	50231	229537	Gondola	7/11/2014	1054192	N5455	1
A35	50205	229485	External CCTV Camera	7/11/2014	1054114	N5535	1
A35	50205	229485	External CCTV Camera	7/11/2014	1054114	N5535	1
A20	50143	229328	Semi Permanent Coupler	6/11/2014	1053450	N5520	1
A20	50143	229328	Semi Permanent Coupler	6/11/2014	1053450	N5520	1
A20	50143	229328	Semi Permanent Coupler	6/11/2014	1053450	N5520	1
A20	50143	229328	Semi Permanent Coupler	6/11/2014	1053450	N5520	1
A20	50143	229328	Semi Permanent Coupler	6/11/2014	1053450	N5520	1
A20	50143	229328	Semi Permanent Coupler	6/11/2014	1053450	N5520	1
A65	50080	229198	Roof	5/11/2014	1053035	T6565	1
A55	50064	229199	Roof	5/11/2014	1053024	N5555	1
A24	49949	228927	Panel	4/11/2014	1052166	D6424	1
A28	49937	228916	Parking Brake	3/11/2014	1052108	T6628	1
A20	49893	228807	Internal	3/11/2014	1051883	N5420	1
A42	49742	228558	Anti-Vandal Film	1/11/2014	1051096	D6442	1
A42	49741	228557	Passenger Saloon Window	1/11/2014	1051094	N5442	1
A63	49711	228517	Primary Suspension	1/11/2014	1050600	D6463	1
A63	49644	228367	Primary Suspension	31/10/2014	1050599	N5463	1
A63	49643	228365	Primary Suspension	31/10/2014	1050595	N5363	1
A21	49642	228363	Internal	31/10/2014	1050602	N5521	1
A39	49597	228264	Piping Assembly	30/10/2014	1050169	T6539	1
